date,icao,weather_delay,wind_speed,wind_gust,ceiling,visibility,temp,dew_pnt,pressure
2015-01-04 14:10:00+00:00,KBNA,22.0,5,31,1128,16093,100,50,10171
2015-01-04 16:20:00+00:00,KBNA,44.0,5,36,853,16093,83,28,10191
2015-01-05 01:55:00+00:00,KBNA,20.0,5,51,1463,16093,39,-6,10301
2015-01-06 02:55:00+00:00,KBNA,86.0,5,26,22000,16093,-28,-89,10306
2015-01-06 15:30:00+00:00,KBNA,35.0,5,62,7620,16093,33,-61,10295
2015-01-07 16:30:00+00:00,KBNA,23.0,5,77,853,11265,-56,-111,10350
2015-01-07 22:55:00+00:00,KBNA,9.0,5,108,22000,16093,-106,-206,10419
2015-01-12 16:00:00+00:00,KBNA,18.0,5,21,61,1609,78,72,10233
2015-01-21 14:20:00+00:00,KBNA,86.0,5,15,22000,16093,17,0,10215
2015-01-23 23:45:00+00:00,KBNA,42.0,5,36,122,1609,22,17,10145
2015-01-24 00:15:00+00:00,KBNA,48.0,5,36,122,1609,22,17,10145
2015-01-24 14:00:00+00:00,KBNA,2.0,5,21,22000,6437,-17,-22,10148
2015-01-26 16:00:00+00:00,KBNA,151.0,5,57,427,16093,6,-22,10169
2015-01-26 23:30:00+00:00,KBNA,3.0,5,21,1524,12875,11,-17,10144
2015-01-30 16:05:00+00:00,KBNA,40.0,5,41,22000,16093,50,-61,10328
2015-01-30 22:00:00+00:00,KBNA,115.0,5,36,22000,16093,67,-67,10305
2015-02-02 12:30:00+00:00,KBNA,69.0,5,88,732,16093,-17,-67,10179
2015-02-02 12:55:00+00:00,KBNA,223.0,5,88,732,16093,-17,-67,10179
2015-02-02 16:50:00+00:00,KBNA,7.0,5,67,792,16093,-28,-78,10237
2015-02-02 20:11:00+00:00,KBNA,56.0,5,46,853,16093,-17,-83,10244
2015-02-02 22:25:00+00:00,KBNA,34.0,5,31,823,16093,-22,-78,10261
2015-02-03 00:07:00+00:00,KBNA,2.0,5,41,823,16093,-22,-83,10266
2015-02-09 20:25:00+00:00,KBNA,58.0,5,72,427,11265,39,6,10153
2015-02-11 20:05:00+00:00,KBNA,15.0,5,36,7620,16093,117,-17,10185
2015-02-12 20:05:00+00:00,KBNA,1.0,5,62,22000,16093,0,-117,10280
2015-02-12 22:55:00+00:00,KBNA,30.0,5,72,22000,16093,-17,-128,10294
2015-02-14 16:55:00+00:00,KBNA,51.0,5,41,2591,16093,72,-56,10179
2015-02-14 23:45:00+00:00,KBNA,102.0,5,88,1158,16093,28,-33,10212
2015-02-16 13:26:00+00:00,KBNA,235.0,5,57,1341,3219,-22,-39,10185
2015-02-17 11:50:00+00:00,KBNA,272.0,5,21,22000,14484,-100,-122,10198
2015-02-17 12:05:00+00:00,KBNA,26.0,5,21,22000,14484,-100,-122,10198
2015-02-17 12:25:00+00:00,KBNA,133.0,5,26,22000,14484,-100,-122,10209
2015-02-17 12:30:00+00:00,KBNA,72.0,5,26,22000,14484,-100,-122,10209
2015-02-17 13:25:00+00:00,KBNA,300.0,5,21,22000,14484,-89,-111,10209
2015-02-17 13:30:00+00:00,KBNA,11.0,5,21,22000,14484,-89,-111,10209
2015-02-17 14:00:00+00:00,KBNA,201.0,5,21,22000,14484,-89,-111,10209
2015-02-17 14:00:00+00:00,KBNA,341.0,5,21,22000,14484,-89,-111,10209
2015-02-17 15:15:00+00:00,KBNA,14.0,5,15,305,14484,-83,-106,10217
2015-02-17 15:19:00+00:00,KBNA,240.0,5,15,305,14484,-83,-106,10217
2015-02-17 16:05:00+00:00,KBNA,10.0,5,15,518,16093,-56,-94,10216
2015-02-17 18:41:00+00:00,KBNA,9.0,5,26,549,16093,-50,-89,10211
2015-02-17 19:15:00+00:00,KBNA,17.0,5,26,6096,16093,-33,-89,10194
2015-02-17 19:57:00+00:00,KBNA,135.0,5,26,6096,16093,-33,-89,10194
2015-02-17 20:33:00+00:00,KBNA,25.0,5,26,6096,16093,-33,-89,10194
2015-02-17 20:49:00+00:00,KBNA,33.0,5,26,6096,16093,-33,-89,10194
2015-02-17 21:55:00+00:00,KBNA,48.0,5,21,853,16093,-33,-72,10195
2015-02-17 23:09:00+00:00,KBNA,3.0,5,31,22000,16093,-50,-72,10189
2015-02-17 23:58:00+00:00,KBNA,9.0,5,31,22000,16093,-50,-72,10189
2015-02-18 00:07:00+00:00,KBNA,4.0,5,31,22000,16093,-50,-72,10189
2015-02-18 00:25:00+00:00,KBNA,6.0,5,31,22000,16093,-50,-72,10189
2015-02-18 00:25:00+00:00,KBNA,8.0,5,31,22000,16093,-50,-72,10189
2015-02-18 11:35:00+00:00,KBNA,44.0,5,26,427,4828,-28,-44,10143
2015-02-18 11:55:00+00:00,KBNA,49.0,5,26,427,4828,-28,-44,10143
2015-02-18 12:02:00+00:00,KBNA,156.0,5,26,427,4828,-28,-44,10143
2015-02-18 12:05:00+00:00,KBNA,70.0,5,26,427,4828,-28,-44,10143
2015-02-18 12:09:00+00:00,KBNA,208.0,5,26,427,4828,-28,-44,10143
2015-02-18 12:25:00+00:00,KBNA,56.0,5,72,884,2414,-33,-56,10159
2015-02-18 12:30:00+00:00,KBNA,16.0,5,72,884,2414,-33,-56,10159
2015-02-18 13:00:00+00:00,KBNA,22.0,5,72,884,2414,-33,-56,10159
2015-02-18 13:04:00+00:00,KBNA,169.0,5,72,884,2414,-33,-56,10159
2015-02-18 13:26:00+00:00,KBNA,48.0,5,72,732,11265,-56,-111,10183
2015-02-18 13:30:00+00:00,KBNA,58.0,5,72,732,11265,-56,-111,10183
2015-02-18 13:45:00+00:00,KBNA,97.0,5,72,732,11265,-56,-111,10183
2015-02-18 14:00:00+00:00,KBNA,52.0,5,72,732,11265,-56,-111,10183
2015-02-18 14:00:00+00:00,KBNA,77.0,5,72,732,11265,-56,-111,10183
2015-02-18 14:12:00+00:00,KBNA,48.0,5,72,732,11265,-56,-111,10183
2015-02-18 14:17:00+00:00,KBNA,9.0,5,72,732,11265,-56,-111,10183
2015-02-18 14:25:00+00:00,KBNA,126.0,5,88,22000,16093,-56,-128,10199
2015-02-18 18:00:00+00:00,KBNA,7.0,5,67,1372,16093,-39,-122,10207
2015-02-18 19:15:00+00:00,KBNA,287.0,5,82,1524,16093,-33,-133,10208
2015-02-18 21:25:00+00:00,KBNA,16.0,5,62,1676,16093,-50,-144,10227
2015-02-18 23:30:00+00:00,KBNA,7.0,5,31,22000,16093,-67,-139,10240
2015-02-19 00:25:00+00:00,KBNA,7.0,5,46,22000,16093,-72,-133,10249
2015-02-19 12:05:00+00:00,KBNA,7.0,5,15,22000,16093,-144,-189,10307
2015-02-19 12:30:00+00:00,KBNA,2.0,5,15,22000,16093,-139,-189,10313
2015-02-19 13:45:00+00:00,KBNA,267.0,5,36,22000,16093,-128,-200,10321
2015-02-19 14:10:00+00:00,KBNA,15.0,5,36,22000,16093,-128,-200,10321
2015-02-20 23:06:00+00:00,KBNA,8.0,5,46,1402,2414,-39,-61,10243
2015-02-21 12:30:00+00:00,KBNA,5.0,5,108,1494,9656,17,-6,10132
2015-02-21 14:20:00+00:00,KBNA,4.0,5,82,914,12875,22,0,10138
2015-02-21 14:25:00+00:00,KBNA,125.0,5,98,701,16093,33,11,10130
2015-02-21 19:15:00+00:00,KBNA,8.0,5,46,914,4828,50,44,10118
2015-02-21 20:49:00+00:00,KBNA,6.0,5,31,1524,4023,56,50,10121
2015-02-22 00:25:00+00:00,KBNA,8.0,5,41,183,3219,50,44,10164
2015-02-22 12:45:00+00:00,KBNA,8.0,5,51,122,3219,6,-6,10241
2015-02-22 15:20:00+00:00,KBNA,7.0,5,46,183,16093,17,0,10256
2015-02-22 16:30:00+00:00,KBNA,7.0,5,46,305,14484,28,0,10264
2015-02-24 15:15:00+00:00,KBNA,101.0,5,15,2286,16093,-39,-133,10226
2015-02-25 00:25:00+00:00,KBNA,34.0,5,26,22000,16093,6,-111,10163
2015-02-27 19:15:00+00:00,KBNA,10.0,5,41,22000,16093,-6,-117,10348
2015-02-28 00:10:00+00:00,KBNA,56.0,5,41,22000,16093,-22,-122,10353
2015-02-28 13:30:00+00:00,KBNA,74.0,5,31,2438,16093,-28,-111,10373
2015-03-02 19:05:00+00:00,KBNA,76.0,5,21,22000,16093,72,-22,10301
2015-03-03 20:25:00+00:00,KBNA,104.0,5,51,457,16093,172,139,10146
2015-03-03 20:49:00+00:00,KBNA,4.0,5,51,457,16093,172,139,10146
2015-03-04 13:50:00+00:00,KBNA,26.0,5,15,152,1609,106,100,10127
2015-03-04 18:25:00+00:00,KBNA,15.0,5,57,213,3219,78,67,10135
2015-03-05 00:25:00+00:00,KBNA,2.0,5,67,244,12875,11,-6,10189
2015-03-05 11:30:00+00:00,KBNA,328.0,5,46,427,1609,-61,-72,10248
2015-03-05 12:45:00+00:00,KBNA,411.0,5,62,152,805,-61,-78,10252
2015-03-05 13:04:00+00:00,KBNA,103.0,5,62,152,805,-61,-78,10252
2015-03-05 13:30:00+00:00,KBNA,183.0,5,67,488,4828,-56,-83,10265
2015-03-05 14:00:00+00:00,KBNA,399.0,5,67,488,4828,-56,-83,10265
2015-03-05 14:15:00+00:00,KBNA,346.0,5,67,488,4828,-56,-83,10265
2015-03-05 14:18:00+00:00,KBNA,38.0,5,67,488,4828,-56,-83,10265
2015-03-05 14:25:00+00:00,KBNA,27.0,5,51,488,12875,-56,-78,10279
2015-03-05 16:50:00+00:00,KBNA,9.0,5,51,518,12875,-50,-78,10291
2015-03-05 17:00:00+00:00,KBNA,236.0,5,51,518,12875,-50,-78,10291
2015-03-05 18:00:00+00:00,KBNA,16.0,5,51,518,16093,-50,-78,10306
2015-03-05 18:50:00+00:00,KBNA,32.0,5,57,518,8047,-50,-78,10305
2015-03-05 20:30:00+00:00,KBNA,6.0,5,67,701,16093,-28,-78,10314
2015-03-05 20:49:00+00:00,KBNA,13.0,5,67,701,16093,-28,-78,10314
2015-03-05 21:25:00+00:00,KBNA,19.0,5,62,7620,16093,-28,-94,10320
2015-03-05 22:00:00+00:00,KBNA,12.0,5,62,7620,16093,-28,-94,10320
2015-03-05 22:10:00+00:00,KBNA,19.0,5,62,7620,16093,-28,-94,10320
2015-03-05 23:30:00+00:00,KBNA,8.0,5,41,22000,16093,-50,-106,10336
2015-03-06 00:07:00+00:00,KBNA,2.0,5,41,22000,16093,-50,-106,10336
2015-03-06 01:05:00+00:00,KBNA,30.0,5,41,22000,16093,-56,-111,10343
2015-03-06 12:44:00+00:00,KBNA,22.0,5,21,22000,16093,-111,-144,10363
2015-03-06 16:50:00+00:00,KBNA,2.0,5,21,22000,16093,-111,-144,10363
2015-03-08 21:50:00+00:00,KBNA,23.0,5,36,6096,16093,172,-39,10219
2015-03-11 10:45:00+00:00,KBNA,33.0,5,36,152,8047,122,117,10198
2015-03-11 12:50:00+00:00,KBNA,51.0,5,21,213,6437,117,106,10214
2015-03-20 12:50:00+00:00,KBNA,22.0,5,26,1372,6437,100,89,10198
2015-03-20 13:20:00+00:00,KBNA,156.0,5,26,1372,6437,100,89,10198
2015-03-21 23:07:00+00:00,KBNA,9.0,5,15,7010,16093,156,39,10197
2015-03-23 01:05:00+00:00,KBNA,47.0,5,31,3048,16093,144,72,10165
2015-03-25 19:11:00+00:00,KBNA,16.0,5,72,1311,16093,244,133,10172
2015-03-26 15:05:00+00:00,KBNA,17.0,5,26,1158,16093,189,150,10112
2015-03-26 19:11:00+00:00,KBNA,1.0,5,62,305,6437,106,83,10116
2015-03-26 21:50:00+00:00,KBNA,102.0,5,57,366,14484,78,61,10130
2015-03-27 21:50:00+00:00,KBNA,16.0,5,36,762,16093,56,22,10167
2015-04-02 21:55:00+00:00,KBNA,16.0,5,88,1402,16093,233,150,10134
2015-04-02 22:05:00+00:00,KBNA,14.0,5,88,1402,16093,233,150,10134
2015-04-02 23:10:00+00:00,KBNA,3.0,5,36,22000,16093,233,144,10140
2015-04-03 12:50:00+00:00,KBNA,88.0,5,36,1676,16093,206,156,10135
2015-04-03 21:50:00+00:00,KBNA,45.0,5,57,1829,11265,250,156,10077
2015-04-03 21:55:00+00:00,KBNA,51.0,5,57,1829,11265,250,156,10077
2015-04-03 22:05:00+00:00,KBNA,31.0,5,57,1829,11265,250,156,10077
2015-04-03 22:18:00+00:00,KBNA,39.0,5,57,1829,11265,250,156,10077
2015-04-03 22:30:00+00:00,KBNA,39.0,5,36,792,8047,183,172,10108
2015-04-07 20:00:00+00:00,KBNA,26.0,5,46,1219,16093,239,178,10176
2015-04-08 12:20:00+00:00,KBNA,84.0,5,21,1524,4828,172,167,10183
2015-04-08 19:00:00+00:00,KBNA,14.0,5,77,6096,16093,283,167,10158
2015-04-09 12:20:00+00:00,KBNA,55.0,5,31,5486,16093,206,172,10145
2015-04-09 17:25:00+00:00,KBNA,49.0,5,82,1829,16093,267,178,10148
2015-04-10 19:00:00+00:00,KBNA,59.0,5,36,6096,16093,183,67,10185
2015-04-10 19:31:00+00:00,KBNA,20.0,5,36,6096,16093,183,67,10185
2015-04-12 00:15:00+00:00,KBNA,79.0,5,46,22000,16093,183,17,10210
2015-04-12 11:40:00+00:00,KBNA,26.0,5,15,22000,16093,239,44,10201
2015-04-13 10:30:00+00:00,KBNA,30.0,5,21,945,16093,189,128,10193
2015-04-13 11:20:00+00:00,KBNA,72.0,5,21,945,16093,189,128,10193
2015-04-13 19:25:00+00:00,KBNA,11.0,5,26,244,4828,194,183,10172
2015-04-13 22:36:00+00:00,KBNA,4.0,5,26,457,16093,206,189,10161
2015-04-15 17:50:00+00:00,KBNA,12.0,5,15,274,16093,194,172,10173
2015-04-15 23:45:00+00:00,KBNA,14.0,5,31,22000,16093,211,178,10158
2015-04-16 00:00:00+00:00,KBNA,8.0,5,31,22000,16093,211,178,10158
2015-04-16 00:40:00+00:00,KBNA,21.0,5,41,853,6437,194,183,10166
2015-04-16 11:25:00+00:00,KBNA,16.0,5,31,427,16093,167,156,10188
2015-04-16 12:45:00+00:00,KBNA,18.0,5,46,427,16093,172,161,10194
2015-04-16 12:50:00+00:00,KBNA,4.0,5,46,427,16093,172,161,10194
2015-04-16 12:50:00+00:00,KBNA,13.0,5,46,427,16093,172,161,10194
2015-04-16 12:50:00+00:00,KBNA,14.0,5,46,427,16093,172,161,10194
2015-04-16 12:55:00+00:00,KBNA,20.0,5,46,427,16093,172,161,10194
2015-04-17 00:25:00+00:00,KBNA,15.0,5,46,488,16093,178,150,10192
2015-04-17 00:45:00+00:00,KBNA,23.0,5,46,488,16093,178,150,10192
2015-04-17 23:40:00+00:00,KBNA,202.0,5,21,7620,16093,167,150,10164
2015-04-20 11:45:00+00:00,KBNA,113.0,5,26,610,16093,150,133,10029
2015-04-24 20:55:00+00:00,KBNA,164.0,5,36,7620,16093,194,-11,10151
2015-04-24 21:25:00+00:00,KBNA,59.0,5,36,7620,16093,194,-11,10151
2015-04-24 22:36:00+00:00,KBNA,66.0,5,26,3048,16093,167,33,10143
2015-04-24 23:40:00+00:00,KBNA,34.0,5,26,3048,16093,167,33,10143
2015-04-25 00:40:00+00:00,KBNA,20.0,5,36,1829,16093,156,61,10132
2015-04-27 19:25:00+00:00,KBNA,40.0,5,62,7620,16093,189,33,10147
2015-04-27 22:36:00+00:00,KBNA,78.0,5,31,22000,16093,189,33,10139
2015-04-27 23:40:00+00:00,KBNA,17.0,5,46,22000,16093,167,39,10136
2015-05-02 12:35:00+00:00,KBNA,252.0,5,15,22000,16093,83,67,10203
2015-05-06 10:00:00+00:00,KBNA,235.0,5,21,1981,16093,156,139,10219
2015-05-06 11:20:00+00:00,KBNA,168.0,5,21,1981,16093,156,139,10219
2015-05-06 12:45:00+00:00,KBNA,86.0,5,15,22000,14484,194,144,10228
2015-05-08 20:45:00+00:00,KBNA,138.0,5,57,7620,16093,311,117,10163
2015-05-08 23:50:00+00:00,KBNA,122.0,5,15,7620,16093,272,128,10160
2015-05-09 02:05:00+00:00,KBNA,80.0,5,26,7620,16093,250,167,10165
2015-05-10 14:15:00+00:00,KBNA,15.0,5,26,7620,16093,239,183,10191
2015-05-10 14:30:00+00:00,KBNA,258.0,5,26,5182,16093,278,178,10192
2015-05-10 22:05:00+00:00,KBNA,17.0,5,36,6096,16093,306,156,10165
2015-05-11 12:50:00+00:00,KBNA,28.0,5,26,7620,16093,250,183,10168
2015-05-11 16:16:00+00:00,KBNA,4.0,5,46,4572,16093,283,161,10172
2015-05-15 16:37:00+00:00,KBNA,53.0,5,41,1402,16093,278,189,10218
2015-05-17 18:26:00+00:00,KBNA,2.0,5,77,1372,16093,289,206,10199
2015-05-18 16:50:00+00:00,KBNA,212.0,5,21,3658,16093,267,189,10211
2015-05-18 22:30:00+00:00,KBNA,2.0,5,36,22000,16093,267,194,10193
2015-05-19 02:05:00+00:00,KBNA,118.0,5,21,22000,16093,244,189,10194
2015-05-19 14:45:00+00:00,KBNA,56.0,5,21,335,9656,211,183,10210
2015-05-19 20:45:00+00:00,KBNA,15.0,5,26,22000,16093,261,172,10185
2015-05-21 16:37:00+00:00,KBNA,61.0,5,46,396,12875,128,89,10202
2015-05-23 20:40:00+00:00,KBNA,118.0,5,31,3658,16093,278,117,10245
2015-05-23 20:55:00+00:00,KBNA,197.0,5,31,3658,16093,278,117,10245
2015-05-25 19:25:00+00:00,KBNA,259.0,5,62,3962,16093,228,206,10200
2015-05-25 23:40:00+00:00,KBNA,7.0,5,36,7620,16093,217,194,10189
2015-05-26 18:55:00+00:00,KBNA,80.0,5,57,2743,16093,261,206,10172
2015-05-26 19:25:00+00:00,KBNA,75.0,5,31,1067,11265,200,194,10174
2015-05-26 19:31:00+00:00,KBNA,58.0,5,31,1067,11265,200,194,10174
2015-05-26 21:10:00+00:00,KBNA,3.0,5,26,792,16093,250,217,10172
2015-05-26 21:45:00+00:00,KBNA,15.0,5,26,792,16093,250,217,10172
2015-05-26 23:45:00+00:00,KBNA,122.0,5,41,7620,16093,256,206,10173
2015-05-27 00:00:00+00:00,KBNA,184.0,5,41,7620,16093,256,206,10173
2015-05-27 18:05:00+00:00,KBNA,3.0,5,41,4877,16093,278,200,10206
2015-05-27 18:20:00+00:00,KBNA,27.0,5,41,4877,16093,278,200,10206
2015-05-27 18:55:00+00:00,KBNA,18.0,5,31,2896,4828,206,178,10222
2015-05-27 19:31:00+00:00,KBNA,7.0,5,15,2896,16093,211,189,10223
2015-05-28 00:40:00+00:00,KBNA,34.0,5,15,5182,16093,211,200,10205
2015-05-30 17:50:00+00:00,KBNA,9.0,5,21,1463,8047,217,194,10179
2015-05-30 17:50:00+00:00,KBNA,23.0,5,21,1463,8047,217,194,10179
2015-05-30 19:31:00+00:00,KBNA,47.0,5,62,22000,16093,256,200,10168
2015-05-30 20:45:00+00:00,KBNA,47.0,5,46,3353,16093,256,211,10161
2015-05-31 20:45:00+00:00,KBNA,4.0,5,41,1524,12875,233,206,10151
2015-06-02 00:45:00+00:00,KBNA,23.0,5,36,549,4828,183,167,10177
2015-06-02 19:25:00+00:00,KBNA,193.0,5,21,579,16093,200,150,10175
2015-06-03 13:50:00+00:00,KBNA,33.0,5,15,427,16093,183,144,10172
2015-06-08 02:15:00+00:00,KBNA,31.0,5,15,22000,16093,272,189,10130
2015-06-08 18:30:00+00:00,KBNA,42.0,5,26,4267,16093,283,217,10118
2015-06-08 19:55:00+00:00,KBNA,31.0,5,31,6096,16093,278,206,10111
2015-06-08 20:40:00+00:00,KBNA,90.0,5,46,823,805,206,194,10131
2015-06-08 20:50:00+00:00,KBNA,26.0,5,46,823,805,206,194,10131
2015-06-08 21:06:00+00:00,KBNA,185.0,5,46,823,805,206,194,10131
2015-06-08 21:20:00+00:00,KBNA,89.0,5,46,823,805,206,194,10131
2015-06-08 21:26:00+00:00,KBNA,1.0,5,31,1189,6437,206,194,10129
2015-06-08 22:31:00+00:00,KBNA,5.0,5,15,22000,16093,211,200,10116
2015-06-08 22:35:00+00:00,KBNA,63.0,5,15,22000,16093,211,200,10116
2015-06-08 23:05:00+00:00,KBNA,3.0,5,15,22000,16093,211,200,10116
2015-06-08 23:05:00+00:00,KBNA,19.0,5,15,22000,16093,211,200,10116
2015-06-08 23:35:00+00:00,KBNA,48.0,5,15,3048,16093,211,194,10114
2015-06-09 01:40:00+00:00,KBNA,43.0,5,15,7620,16093,206,200,10115
2015-06-09 02:15:00+00:00,KBNA,91.0,5,15,7620,16093,206,200,10115
2015-06-09 12:45:00+00:00,KBNA,18.0,5,21,22000,11265,211,211,10133
2015-06-09 20:05:00+00:00,KBNA,29.0,5,15,22000,16093,311,167,10107
2015-06-09 21:06:00+00:00,KBNA,251.0,5,15,22000,16093,311,167,10107
2015-06-09 21:20:00+00:00,KBNA,20.0,5,15,22000,16093,311,167,10107
2015-06-09 22:31:00+00:00,KBNA,36.0,5,31,22000,16093,300,167,10097
2015-06-09 23:41:00+00:00,KBNA,156.0,5,26,22000,16093,300,172,10100
2015-06-11 02:15:00+00:00,KBNA,75.0,5,21,22000,16093,244,194,10116
2015-06-11 20:43:00+00:00,KBNA,10.0,5,31,22000,16093,317,189,10120
2015-06-12 00:35:00+00:00,KBNA,109.0,5,15,7620,16093,278,189,10119
2015-06-13 22:12:00+00:00,KBNA,10.0,5,36,22000,16093,311,194,10165
2015-06-13 23:30:00+00:00,KBNA,55.0,5,36,22000,16093,300,194,10168
2015-06-14 01:50:00+00:00,KBNA,67.0,5,15,22000,16093,283,200,10174
2015-06-15 19:26:00+00:00,KBNA,308.0,5,36,1981,16093,333,194,10177
2015-06-15 19:55:00+00:00,KBNA,29.0,5,36,1981,16093,333,194,10177
2015-06-15 22:50:00+00:00,KBNA,12.0,5,41,22000,16093,322,194,10163
2015-06-16 19:23:00+00:00,KBNA,7.0,5,51,22000,16093,333,200,10185
2015-06-16 22:12:00+00:00,KBNA,638.0,5,51,22000,16093,339,189,10171
2015-06-18 11:15:00+00:00,KBNA,155.0,5,26,6096,16093,256,211,10182
2015-06-18 11:20:00+00:00,KBNA,125.0,5,26,6096,16093,256,211,10182
2015-06-18 18:30:00+00:00,KBNA,67.0,5,36,22000,16093,317,222,10168
2015-06-18 19:23:00+00:00,KBNA,54.0,5,36,22000,16093,317,222,10168
2015-06-18 20:43:00+00:00,KBNA,54.0,5,15,7010,16093,289,250,10161
2015-06-19 17:00:00+00:00,KBNA,7.0,5,36,22000,16093,306,233,10149
2015-06-19 22:40:00+00:00,KBNA,131.0,5,46,1829,16093,233,211,10124
2015-06-20 17:49:00+00:00,KBNA,11.0,5,31,1006,16093,272,217,10153
2015-06-21 22:35:00+00:00,KBNA,2.0,5,26,22000,16093,322,233,10158
2015-06-23 18:00:00+00:00,KBNA,41.0,5,31,22000,16093,322,239,10180
2015-06-23 19:50:00+00:00,KBNA,47.0,5,36,22000,16093,328,244,10175
2015-06-23 21:35:00+00:00,KBNA,117.0,5,21,1463,16093,328,250,10159
2015-06-23 22:10:00+00:00,KBNA,157.0,5,21,1463,16093,328,250,10159
2015-06-24 00:20:00+00:00,KBNA,117.0,5,36,1463,16093,322,250,10161
2015-06-24 01:00:00+00:00,KBNA,26.0,5,36,1463,16093,322,250,10161
2015-06-24 01:00:00+00:00,KBNA,27.0,5,36,1463,16093,322,250,10161
2015-06-24 01:00:00+00:00,KBNA,38.0,5,36,1463,16093,322,250,10161
2015-06-24 01:05:00+00:00,KBNA,21.0,5,36,1463,16093,322,250,10161
2015-06-24 01:30:00+00:00,KBNA,6.0,5,36,1463,16093,322,250,10161
2015-06-24 21:06:00+00:00,KBNA,134.0,5,15,22000,16093,300,239,10204
2015-06-24 23:41:00+00:00,KBNA,667.0,5,15,22000,16093,300,239,10204
2015-06-26 01:50:00+00:00,KBNA,28.0,5,21,22000,16093,306,233,10143
2015-06-27 13:00:00+00:00,KBNA,26.0,5,21,427,16093,222,217,10115
2015-06-27 22:31:00+00:00,KBNA,48.0,5,72,22000,16093,261,150,10125
2015-06-28 21:35:00+00:00,KBNA,105.0,5,26,22000,16093,278,122,10143
2015-06-29 00:12:00+00:00,KBNA,8.0,5,21,22000,16093,267,139,10138
2015-06-30 00:11:00+00:00,KBNA,20.0,5,31,7620,16093,289,211,10105
2015-06-30 01:59:00+00:00,KBNA,50.0,5,36,22000,14484,222,217,10127
2015-06-30 02:15:00+00:00,KBNA,15.0,5,36,22000,14484,222,217,10127
2015-06-30 02:20:00+00:00,KBNA,9.0,5,36,22000,14484,222,217,10127
2015-06-30 02:30:00+00:00,KBNA,11.0,5,36,22000,14484,222,217,10127
2015-07-01 00:35:00+00:00,KBNA,19.0,5,21,7620,16093,261,206,10124
2015-07-01 17:10:00+00:00,KBNA,37.0,5,26,3353,9656,250,239,10155
2015-07-01 18:17:00+00:00,KBNA,45.0,5,41,1067,6437,206,200,10169
2015-07-01 19:00:00+00:00,KBNA,30.0,5,21,2743,4828,211,211,10155
2015-07-02 10:00:00+00:00,KBNA,200.0,5,21,396,11265,217,217,10118
2015-07-02 12:45:00+00:00,KBNA,23.0,5,15,1158,2414,211,211,10133
2015-07-02 12:50:00+00:00,KBNA,12.0,5,15,1158,2414,211,211,10133
2015-07-02 12:55:00+00:00,KBNA,11.0,5,15,1158,2414,211,211,10133
2015-07-02 12:55:00+00:00,KBNA,15.0,5,15,1158,2414,211,211,10133
2015-07-02 13:00:00+00:00,KBNA,13.0,5,15,1158,2414,211,211,10133
2015-07-03 20:43:00+00:00,KBNA,35.0,5,51,1494,16093,244,211,10119
2015-07-05 22:40:00+00:00,KBNA,66.0,5,15,2896,16093,283,206,10168
2015-07-06 21:35:00+00:00,KBNA,47.0,5,26,1981,16093,294,222,10175
2015-07-07 00:20:00+00:00,KBNA,42.0,5,31,22000,16093,289,222,10163
2015-07-07 11:30:00+00:00,KBNA,66.0,5,41,3962,16093,239,217,10178
2015-07-07 22:12:00+00:00,KBNA,2.0,5,36,7620,16093,306,222,10161
2015-07-08 00:22:00+00:00,KBNA,10.0,5,15,1036,9656,228,211,10170
2015-07-08 20:05:00+00:00,KBNA,60.0,5,46,7620,16093,322,217,10181
2015-07-08 22:05:00+00:00,KBNA,2.0,5,36,7620,16093,317,217,10173
2015-07-10 00:35:00+00:00,KBNA,92.0,5,15,22000,16093,294,222,10175
2015-07-10 19:00:00+00:00,KBNA,3.0,5,41,22000,16093,328,211,10194
2015-07-10 23:05:00+00:00,KBNA,35.0,5,46,22000,16093,328,211,10181
2015-07-12 17:10:00+00:00,KBNA,13.0,5,36,2134,16093,322,239,10164
2015-07-12 19:05:00+00:00,KBNA,3.0,5,46,2438,16093,333,233,10148
2015-07-13 11:15:00+00:00,KBNA,76.0,5,15,22000,16093,278,239,10134
2015-07-14 02:15:00+00:00,KBNA,90.0,5,26,22000,16093,294,233,10094
2015-07-14 18:00:00+00:00,KBNA,39.0,5,36,853,16093,322,261,10076
2015-07-14 18:55:00+00:00,KBNA,39.0,5,41,2134,16093,328,267,10061
2015-07-14 19:00:00+00:00,KBNA,17.0,5,41,2134,16093,328,267,10061
2015-07-14 19:20:00+00:00,KBNA,24.0,5,41,2134,16093,328,267,10061
2015-07-14 19:22:00+00:00,KBNA,32.0,5,41,2134,16093,328,267,10061
2015-07-14 19:23:00+00:00,KBNA,40.0,5,41,2134,16093,328,267,10061
2015-07-14 19:29:00+00:00,KBNA,37.0,5,36,1372,16093,300,222,10047
2015-07-14 19:35:00+00:00,KBNA,31.0,5,36,1372,16093,300,222,10047
2015-07-14 19:40:00+00:00,KBNA,27.0,5,36,1372,16093,300,222,10047
2015-07-14 19:50:00+00:00,KBNA,12.0,5,36,1372,16093,300,222,10047
2015-07-14 19:50:00+00:00,KBNA,13.0,5,36,1372,16093,300,222,10047
2015-07-14 20:05:00+00:00,KBNA,111.0,5,36,1372,16093,300,222,10047
2015-07-14 20:10:00+00:00,KBNA,36.0,5,36,1372,16093,300,222,10047
2015-07-14 21:00:00+00:00,KBNA,47.0,5,15,7620,16093,256,228,10054
2015-07-14 22:12:00+00:00,KBNA,10.0,5,26,7620,16093,272,233,10053
2015-07-15 00:00:00+00:00,KBNA,28.0,5,26,7620,16093,261,228,10067
2015-07-16 23:35:00+00:00,KBNA,16.0,5,21,22000,16093,300,200,10141
2015-07-17 20:43:00+00:00,KBNA,6.0,5,36,22000,16093,344,233,10137
2015-07-17 23:35:00+00:00,KBNA,11.0,5,36,22000,16093,322,228,10132
2015-07-18 19:23:00+00:00,KBNA,194.0,5,26,1463,16093,344,228,10161
2015-07-18 20:43:00+00:00,KBNA,38.0,5,31,6401,16093,339,228,10153
2015-07-18 22:12:00+00:00,KBNA,116.0,5,26,22000,16093,333,228,10151
2015-07-18 23:20:00+00:00,KBNA,18.0,5,26,22000,16093,328,233,10144
2015-07-18 23:30:00+00:00,KBNA,58.0,5,26,22000,16093,317,228,10142
2015-07-19 21:20:00+00:00,KBNA,52.0,5,41,22000,16093,344,228,10131
2015-07-25 13:00:00+00:00,KBNA,64.0,5,31,7620,16093,306,194,10159
2015-07-25 22:50:00+00:00,KBNA,45.0,5,15,22000,16093,311,183,10134
2015-07-28 21:11:00+00:00,KBNA,52.0,5,41,1676,16093,311,244,10141
2015-07-28 21:15:00+00:00,KBNA,67.0,5,41,1676,16093,311,244,10141
2015-07-28 21:20:00+00:00,KBNA,81.0,5,41,1676,16093,311,244,10141
2015-07-28 21:20:00+00:00,KBNA,198.0,5,41,1676,16093,311,244,10141
2015-07-28 21:35:00+00:00,KBNA,128.0,5,51,3353,1609,233,222,10151
2015-07-28 21:40:00+00:00,KBNA,132.0,5,51,3353,1609,233,222,10151
2015-07-28 22:00:00+00:00,KBNA,83.0,5,51,3353,1609,233,222,10151
2015-07-28 22:05:00+00:00,KBNA,17.0,5,51,3353,1609,233,222,10151
2015-07-28 22:12:00+00:00,KBNA,71.0,5,51,3353,1609,233,222,10151
2015-07-28 22:35:00+00:00,KBNA,8.0,5,26,22000,16093,244,228,10139
2015-07-28 22:40:00+00:00,KBNA,14.0,5,26,22000,16093,244,228,10139
2015-07-28 22:50:00+00:00,KBNA,8.0,5,26,22000,16093,244,228,10139
2015-07-28 23:05:00+00:00,KBNA,12.0,5,26,22000,16093,244,228,10139
2015-07-29 00:12:00+00:00,KBNA,4.0,5,26,22000,16093,244,228,10139
2015-07-29 00:21:00+00:00,KBNA,10.0,5,26,22000,16093,244,228,10139
2015-07-30 18:30:00+00:00,KBNA,68.0,5,51,22000,16093,317,139,10182
2015-08-01 13:00:00+00:00,KBNA,58.0,5,21,22000,16093,272,189,10170
2015-08-01 15:30:00+00:00,KBNA,27.0,5,21,22000,16093,306,194,10165
2015-08-03 12:55:00+00:00,KBNA,92.0,5,15,22000,16093,294,106,10140
2015-08-03 14:40:00+00:00,KBNA,34.0,5,15,22000,16093,294,106,10140
2015-08-03 16:25:00+00:00,KBNA,41.0,5,36,22000,16093,331,194,10138
2015-08-05 19:00:00+00:00,KBNA,13.0,5,36,22000,16093,306,222,10148
2015-08-07 00:21:00+00:00,KBNA,5.0,5,21,2896,16093,261,206,10086
2015-08-07 19:00:00+00:00,KBNA,9.0,5,26,549,16093,250,189,10126
2015-08-11 20:15:00+00:00,KBNA,86.0,5,41,1829,16093,317,178,10148
2015-08-11 23:45:00+00:00,KBNA,16.0,5,46,22000,16093,294,161,10146
2015-08-13 18:40:00+00:00,KBNA,21.0,5,46,22000,16093,300,122,10189
2015-08-14 19:40:00+00:00,KBNA,32.0,5,36,1189,16093,294,194,10189
2015-08-14 20:15:00+00:00,KBNA,27.0,5,36,1189,16093,294,194,10189
2015-08-14 20:30:00+00:00,KBNA,11.0,5,36,1189,16093,294,194,10189
2015-08-14 20:35:00+00:00,KBNA,19.0,5,36,1189,16093,294,194,10189
2015-08-14 21:00:00+00:00,KBNA,29.0,5,15,6096,16093,250,194,10190
2015-08-17 19:15:00+00:00,KBNA,32.0,5,31,2286,11265,228,206,10185
2015-08-17 20:10:00+00:00,KBNA,175.0,5,31,183,12875,228,206,10180
2015-08-19 14:32:00+00:00,KBNA,28.0,5,46,701,16093,272,217,10125
2015-08-19 19:15:00+00:00,KBNA,3.0,5,57,22000,16093,317,211,10103
2015-08-19 19:55:00+00:00,KBNA,38.0,5,62,1067,16093,283,200,10099
2015-08-19 20:15:00+00:00,KBNA,23.0,5,62,1067,16093,283,200,10099
2015-08-19 22:40:00+00:00,KBNA,9.0,5,15,3658,16093,244,222,10105
2015-08-19 23:21:00+00:00,KBNA,4.0,5,15,3658,16093,244,222,10105
2015-08-19 23:25:00+00:00,KBNA,11.0,5,31,1463,16093,239,217,10111
2015-08-19 23:45:00+00:00,KBNA,15.0,5,31,1463,16093,239,217,10111
2015-08-20 20:55:00+00:00,KBNA,6.0,5,26,7620,16093,278,117,10160
2015-08-20 22:45:00+00:00,KBNA,77.0,5,21,7620,16093,272,117,10156
2015-08-20 23:25:00+00:00,KBNA,22.0,5,21,7620,16093,267,122,10161
2015-08-28 01:59:00+00:00,KBNA,4.0,5,26,22000,16093,222,128,10185
2015-09-04 21:55:00+00:00,KBNA,83.0,5,15,22000,16093,339,161,10149
2015-09-08 19:15:00+00:00,KBNA,125.0,5,41,22000,16093,322,178,10144
2015-09-09 21:35:00+00:00,KBNA,16.0,5,31,1402,6437,244,206,10115
2015-09-10 19:29:00+00:00,KBNA,32.0,5,21,22000,16093,283,194,10115
2015-09-11 17:25:00+00:00,KBNA,40.0,5,46,792,1609,206,156,10118
2015-09-11 18:15:00+00:00,KBNA,3.0,5,46,792,1609,206,156,10118
2015-09-11 18:30:00+00:00,KBNA,28.0,5,46,792,1609,206,156,10118
2015-09-11 18:30:00+00:00,KBNA,42.0,5,46,792,1609,206,156,10118
2015-09-11 18:50:00+00:00,KBNA,24.0,5,46,792,1609,206,156,10118
2015-09-11 19:00:00+00:00,KBNA,29.0,5,46,792,1609,206,156,10118
2015-09-11 19:15:00+00:00,KBNA,26.0,5,46,792,1609,206,156,10118
2015-09-11 19:22:00+00:00,KBNA,18.0,5,21,2286,16093,200,178,10109
2015-09-11 19:29:00+00:00,KBNA,1.0,5,21,2286,16093,200,178,10109
2015-09-11 19:35:00+00:00,KBNA,56.0,5,21,2286,16093,200,178,10109
2015-09-11 20:35:00+00:00,KBNA,7.0,5,41,1250,3219,200,178,10111
2015-09-11 20:43:00+00:00,KBNA,27.0,5,41,1250,3219,200,178,10111
2015-09-12 00:10:00+00:00,KBNA,5.0,5,15,427,16093,211,183,10119
2015-09-12 13:30:00+00:00,KBNA,15.0,5,26,488,16093,178,139,10145
2015-09-12 19:35:00+00:00,KBNA,31.0,5,36,22000,16093,228,78,10126
2015-09-18 11:05:00+00:00,KBNA,27.0,5,15,22000,16093,156,133,10154
2015-09-18 12:30:00+00:00,KBNA,24.0,5,15,22000,16093,156,139,10159
2015-09-18 19:29:00+00:00,KBNA,5.0,5,21,22000,16093,294,139,10143
2015-09-18 20:43:00+00:00,KBNA,7.0,5,31,22000,16093,306,133,10128
2015-09-18 23:50:00+00:00,KBNA,15.0,5,21,22000,16093,272,150,10126
2015-09-22 15:20:00+00:00,KBNA,3.0,5,26,22000,16093,217,122,10219
2015-09-29 15:30:00+00:00,KBNA,3.0,5,36,579,9656,206,189,10126
2015-10-01 20:10:00+00:00,KBNA,2.0,5,72,518,16093,172,117,10147
2015-10-02 12:45:00+00:00,KBNA,15.0,5,46,396,16093,144,111,10142
2015-10-02 16:30:00+00:00,KBNA,61.0,5,41,457,16093,144,117,10145
2015-10-02 23:00:00+00:00,KBNA,2.0,5,67,366,16093,128,100,10135
2015-10-05 18:50:00+00:00,KBNA,47.0,5,31,22000,16093,278,161,10148
2015-10-09 19:21:00+00:00,KBNA,20.0,5,31,22000,16093,294,150,10158
2015-10-09 19:29:00+00:00,KBNA,32.0,5,21,1463,4828,217,183,10163
2015-10-09 20:10:00+00:00,KBNA,39.0,5,21,1463,4828,217,183,10163
2015-10-09 20:45:00+00:00,KBNA,13.0,5,36,1036,16093,211,167,10176
2015-10-12 23:00:00+00:00,KBNA,4.0,5,51,22000,16093,250,122,10045
2015-10-13 00:15:00+00:00,KBNA,25.0,5,41,22000,16093,233,122,10049
2015-10-13 00:32:00+00:00,KBNA,76.0,5,46,2438,16093,228,133,10049
2015-10-13 00:45:00+00:00,KBNA,68.0,5,46,2438,16093,228,133,10049
2015-10-13 01:25:00+00:00,KBNA,19.0,5,26,1829,16093,189,161,10057
2015-10-13 01:35:00+00:00,KBNA,18.0,5,26,1829,16093,189,161,10057
2015-10-13 01:55:00+00:00,KBNA,12.0,5,26,1829,16093,189,161,10057
2015-10-23 17:47:00+00:00,KBNA,9.0,5,15,7620,16093,250,128,10207
2015-10-23 19:21:00+00:00,KBNA,7.0,5,21,6096,16093,261,133,10196
2015-10-23 20:10:00+00:00,KBNA,29.0,5,36,6096,16093,261,117,10185
2015-10-27 23:00:00+00:00,KBNA,1.0,5,57,244,6437,161,139,10098
2015-10-28 15:35:00+00:00,KBNA,55.0,5,26,518,8047,178,156,10068
2015-10-28 23:25:00+00:00,KBNA,100.0,5,15,22000,16093,189,111,10066
2015-10-30 19:21:00+00:00,KBNA,55.0,5,21,22000,16093,161,22,10203
2015-10-31 00:12:00+00:00,KBNA,138.0,5,15,6096,16093,139,39,10184
2015-10-31 01:50:00+00:00,KBNA,84.0,5,21,7620,16093,122,50,10184
2015-10-31 12:37:00+00:00,KBNA,43.0,5,21,3048,16093,122,67,10166
2015-11-05 02:55:00+00:00,KBNA,4.0,5,15,1676,16093,189,167,10213
2015-11-05 16:05:00+00:00,KBNA,29.0,5,26,853,16093,233,178,10217
2015-11-06 02:30:00+00:00,KBNA,37.0,5,41,1006,16093,211,183,10173
2015-11-06 13:45:00+00:00,KBNA,84.0,5,36,3353,14484,189,172,10185
2015-11-11 12:58:00+00:00,KBNA,22.0,5,15,22000,14484,61,44,10183
2015-11-11 21:58:00+00:00,KBNA,6.0,5,46,22000,16093,217,83,10125
2015-11-12 04:15:00+00:00,KBNA,27.0,5,82,2743,16093,189,89,10085
2015-11-13 12:30:00+00:00,KBNA,19.0,5,15,22000,16093,61,0,10245
2015-11-13 22:23:00+00:00,KBNA,18.0,5,51,22000,16093,144,-100,10244
2015-11-17 21:35:00+00:00,KBNA,32.0,5,67,7620,16093,211,117,10130
2015-11-19 21:00:00+00:00,KBNA,105.0,5,46,22000,16093,183,39,10204
2015-11-20 21:00:00+00:00,KBNA,17.0,5,26,7620,16093,139,-67,10228
2015-11-21 22:20:00+00:00,KBNA,155.0,5,62,701,16093,83,56,10179
2015-12-01 16:05:00+00:00,KBNA,50.0,5,21,183,16093,117,100,10157
2015-12-02 16:37:00+00:00,KBNA,4.0,5,36,6096,16093,94,33,10141
2015-12-07 12:00:00+00:00,KBNA,261.0,5,15,22000,16093,78,39,10243
2015-12-07 13:55:00+00:00,KBNA,148.0,5,26,22000,16093,89,39,10252
2015-12-07 15:10:00+00:00,KBNA,28.0,5,21,22000,16093,100,33,10255
2015-12-12 14:00:00+00:00,KBNA,52.0,5,46,610,16093,189,144,10204
2015-12-14 16:55:00+00:00,KBNA,66.0,5,72,22000,16093,167,61,10019
2015-12-15 14:15:00+00:00,KBNA,50.0,5,15,22000,16093,78,61,10139
2015-12-23 16:25:00+00:00,KBNA,116.0,5,108,579,16093,194,150,10031
2015-12-23 20:29:00+00:00,KBNA,3.0,5,88,549,16093,189,156,10011
2015-12-23 21:41:00+00:00,KBNA,15.0,5,93,549,16093,194,156,10000
2015-12-23 23:24:00+00:00,KBNA,21.0,5,103,610,16093,206,161,10003
2015-12-24 02:00:00+00:00,KBNA,7.0,5,62,1280,16093,206,172,10016
2015-12-25 12:00:00+00:00,KBNA,64.0,5,31,518,16093,206,178,10160
2015-12-25 12:10:00+00:00,KBNA,46.0,5,31,518,16093,206,178,10160
2015-12-25 12:29:00+00:00,KBNA,16.0,5,31,518,16093,206,178,10160
2015-12-25 12:40:00+00:00,KBNA,26.0,5,31,518,16093,206,178,10160
2015-12-25 12:58:00+00:00,KBNA,15.0,5,15,2286,12875,172,161,10171
2015-12-25 13:30:00+00:00,KBNA,33.0,5,15,2286,12875,172,161,10171
2015-12-25 13:45:00+00:00,KBNA,16.0,5,15,2286,12875,172,161,10171
2015-12-26 12:25:00+00:00,KBNA,150.0,5,36,1372,16093,183,161,10208
2015-12-27 02:05:00+00:00,KBNA,183.0,5,36,640,16093,211,178,10176
2015-12-27 12:00:00+00:00,KBNA,8.0,5,62,3353,16093,211,167,10152
2015-12-27 19:20:00+00:00,KBNA,8.0,5,57,1036,16093,239,161,10136
2015-12-27 22:45:00+00:00,KBNA,12.0,5,57,1981,16093,183,144,10148
2015-12-27 23:38:00+00:00,KBNA,2.0,5,36,1524,16093,167,133,10149
2015-12-28 18:39:00+00:00,KBNA,12.0,5,129,2134,4828,206,178,10002
2015-12-28 20:24:00+00:00,KBNA,9.0,5,67,2743,16093,206,178,9994
2015-12-28 22:45:00+00:00,KBNA,11.0,5,88,22000,16093,200,139,10017
2015-12-29 01:03:00+00:00,KBNA,5.0,5,51,22000,16093,183,100,10045
2015-12-29 19:20:00+00:00,KBNA,2.0,5,31,762,16093,106,33,10191
2015-12-29 20:29:00+00:00,KBNA,6.0,5,15,823,16093,111,33,10192
2015-12-30 15:10:00+00:00,KBNA,24.0,5,15,22000,16093,89,50,10224
2015-12-31 03:00:00+00:00,KBNA,1.0,5,31,518,16093,72,33,10244
2016-01-07 12:58:00+00:00,KBNA,4.0,5,15,884,16093,0,-28,10225
2016-01-08 14:25:00+00:00,KBNA,141.0,5,46,488,16093,122,94,10137
2016-01-08 23:59:00+00:00,KBNA,145.0,5,36,792,16093,122,78,10127
2016-01-09 21:25:00+00:00,KBNA,81.0,5,46,640,16093,133,89,10044
2016-01-10 12:25:00+00:00,KBNA,15.0,5,46,366,9656,-11,-39,10143
2016-01-10 13:35:00+00:00,KBNA,44.0,5,67,274,6437,-17,-39,10158
2016-01-10 14:40:00+00:00,KBNA,196.0,5,57,396,16093,-22,-50,10172
2016-01-18 21:15:00+00:00,KBNA,66.0,5,36,22000,16093,-39,-178,10286
2016-01-19 21:15:00+00:00,KBNA,25.0,5,26,1524,16093,-33,-144,10316
2016-01-20 12:15:00+00:00,KBNA,79.0,5,21,1372,11265,-17,-50,10231
2016-01-20 12:20:00+00:00,KBNA,63.0,5,21,1372,11265,-17,-50,10231
2016-01-20 12:25:00+00:00,KBNA,124.0,5,21,1372,11265,-17,-50,10231
2016-01-20 12:35:00+00:00,KBNA,82.0,5,21,1372,11265,-17,-50,10231
2016-01-20 12:40:00+00:00,KBNA,333.0,5,21,1372,11265,-17,-50,10231
2016-01-20 12:45:00+00:00,KBNA,20.0,5,21,1372,11265,-17,-50,10231
2016-01-20 12:58:00+00:00,KBNA,212.0,5,21,1372,11265,-17,-50,10231
2016-01-20 13:23:00+00:00,KBNA,228.0,5,21,1372,11265,-17,-50,10231
2016-01-20 13:25:00+00:00,KBNA,156.0,5,21,183,1609,-17,-33,10238
2016-01-20 14:00:00+00:00,KBNA,205.0,5,21,183,1609,-17,-33,10238
2016-01-20 14:00:00+00:00,KBNA,278.0,5,21,183,1609,-17,-33,10238
2016-01-20 15:10:00+00:00,KBNA,2.0,5,21,183,1609,-17,-33,10238
2016-01-20 15:28:00+00:00,KBNA,104.0,5,21,183,1609,-17,-33,10238
2016-01-20 15:40:00+00:00,KBNA,205.0,5,21,183,1609,-17,-33,10238
2016-01-20 16:18:00+00:00,KBNA,72.0,5,21,183,1609,-17,-33,10238
2016-01-20 18:34:00+00:00,KBNA,75.0,5,15,91,805,0,-11,10218
2016-01-20 20:24:00+00:00,KBNA,4.0,5,15,91,805,0,-11,10218
2016-01-20 22:35:00+00:00,KBNA,3.0,5,15,152,8047,6,-17,10228
2016-01-20 22:55:00+00:00,KBNA,12.0,5,15,152,8047,6,-17,10228
2016-01-21 13:55:00+00:00,KBNA,45.0,5,21,152,4023,0,-17,10246
2016-01-22 11:30:00+00:00,KBNA,318.0,5,51,183,6437,11,0,10081
2016-01-22 12:00:00+00:00,KBNA,232.0,5,51,183,6437,11,0,10081
2016-01-22 12:05:00+00:00,KBNA,8.0,5,51,183,6437,11,0,10081
2016-01-22 12:20:00+00:00,KBNA,317.0,5,51,183,6437,11,0,10081
2016-01-22 12:35:00+00:00,KBNA,348.0,5,77,183,2414,6,-11,10077
2016-01-22 12:40:00+00:00,KBNA,214.0,5,77,183,2414,6,-11,10077
2016-01-22 12:45:00+00:00,KBNA,176.0,5,77,183,2414,6,-11,10077
2016-01-22 13:25:00+00:00,KBNA,402.0,5,62,122,402,0,-11,10083
2016-01-22 13:35:00+00:00,KBNA,94.0,5,62,122,402,0,-11,10083
2016-01-22 13:45:00+00:00,KBNA,72.0,5,62,122,402,0,-11,10083
2016-01-22 13:55:00+00:00,KBNA,66.0,5,62,122,402,0,-11,10083
2016-01-22 13:55:00+00:00,KBNA,74.0,5,62,122,402,0,-11,10083
2016-01-22 13:55:00+00:00,KBNA,92.0,5,62,122,402,0,-11,10083
2016-01-22 13:55:00+00:00,KBNA,136.0,5,62,122,402,0,-11,10083
2016-01-22 13:55:00+00:00,KBNA,140.0,5,62,122,402,0,-11,10083
2016-01-22 14:00:00+00:00,KBNA,128.0,5,62,122,402,0,-11,10083
2016-01-22 14:00:00+00:00,KBNA,345.0,5,62,122,402,0,-11,10083
2016-01-22 14:00:00+00:00,KBNA,93.0,5,62,122,402,0,-11,10083
2016-01-22 14:15:00+00:00,KBNA,3.0,5,62,122,402,0,-11,10083
2016-01-22 14:20:00+00:00,KBNA,114.0,5,62,122,402,0,-11,10083
2016-01-22 15:35:00+00:00,KBNA,37.0,5,88,274,805,-17,-33,10087
2016-01-22 15:59:00+00:00,KBNA,12.0,5,88,274,805,-17,-33,10087
2016-01-22 16:15:00+00:00,KBNA,25.0,5,88,274,805,-17,-33,10087
2016-01-22 16:30:00+00:00,KBNA,40.0,5,82,274,1207,-17,-39,10085
2016-01-22 22:35:00+00:00,KBNA,6.0,5,82,274,805,-17,-44,10108
2016-01-22 23:41:00+00:00,KBNA,13.0,5,103,457,2012,-22,-50,10122
2016-01-22 23:55:00+00:00,KBNA,39.0,5,103,457,2012,-22,-50,10122
2016-01-23 00:25:00+00:00,KBNA,15.0,5,62,457,1207,-22,-50,10134
2016-01-23 01:04:00+00:00,KBNA,10.0,5,62,457,1207,-22,-50,10134
2016-01-23 12:00:00+00:00,KBNA,127.0,5,51,914,16093,-33,-78,10187
2016-01-23 12:00:00+00:00,KBNA,119.0,5,51,914,16093,-33,-78,10187
2016-01-23 13:25:00+00:00,KBNA,77.0,5,51,975,8047,-39,-78,10204
2016-01-23 14:00:00+00:00,KBNA,105.0,5,51,975,8047,-39,-78,10204
2016-01-23 14:00:00+00:00,KBNA,69.0,5,51,975,8047,-39,-78,10204
2016-01-23 14:05:00+00:00,KBNA,6.0,5,51,975,8047,-39,-78,10204
2016-01-23 14:15:00+00:00,KBNA,1.0,5,51,975,8047,-39,-78,10204
2016-01-23 14:30:00+00:00,KBNA,141.0,5,57,1036,16093,-39,-78,10210
2016-01-23 16:45:00+00:00,KBNA,15.0,5,46,671,16093,-33,-83,10217
2016-01-23 19:15:00+00:00,KBNA,5.0,5,36,732,16093,-22,-83,10209
2016-01-23 21:59:00+00:00,KBNA,6.0,5,41,792,16093,-11,-78,10214
2016-01-23 22:15:00+00:00,KBNA,3.0,5,41,792,16093,-11,-78,10214
2016-01-24 00:25:00+00:00,KBNA,22.0,5,21,22000,16093,-33,-72,10231
2016-01-24 12:00:00+00:00,KBNA,2.0,5,15,22000,9656,-111,-139,10248
2016-01-24 14:00:00+00:00,KBNA,8.0,5,15,22000,9656,-111,-139,10248
2016-01-24 14:00:00+00:00,KBNA,21.0,5,15,22000,9656,-111,-139,10248
2016-01-24 14:40:00+00:00,KBNA,14.0,5,15,22000,9656,-111,-139,10248
2016-01-24 22:15:00+00:00,KBNA,9.0,5,26,7620,16093,33,-50,10210
2016-01-25 16:05:00+00:00,KBNA,20.0,5,77,6096,16093,56,-28,10199
2016-02-02 12:35:00+00:00,KBNA,45.0,5,26,305,6437,111,100,10137
2016-02-04 00:50:00+00:00,KBNA,42.0,5,57,22000,16093,72,-17,10186
2016-02-08 16:05:00+00:00,KBNA,60.0,5,62,1676,16093,67,-56,10095
2016-02-08 20:24:00+00:00,KBNA,5.0,5,62,914,9656,28,-17,10094
2016-02-09 15:10:00+00:00,KBNA,2.0,5,41,457,805,-39,-72,10132
2016-02-09 16:18:00+00:00,KBNA,7.0,5,26,518,1609,-33,-67,10133
2016-02-09 16:45:00+00:00,KBNA,5.0,5,41,457,1207,-33,-72,10137
2016-02-09 23:35:00+00:00,KBNA,7.0,5,36,518,1609,-44,-78,10182
2016-02-10 02:15:00+00:00,KBNA,4.0,5,31,610,6437,-50,-94,10194
2016-02-10 12:00:00+00:00,KBNA,9.0,5,36,1524,8047,-61,-100,10216
2016-02-11 03:40:00+00:00,KBNA,15.0,5,15,1829,12875,-33,-72,10238
2016-02-12 22:55:00+00:00,KBNA,6.0,5,51,1280,16093,39,-39,10249
2016-02-14 18:45:00+00:00,KBNA,223.0,5,51,1250,4828,-11,-94,10218
2016-02-14 20:25:00+00:00,KBNA,96.0,5,41,1280,16093,6,-83,10187
2016-02-15 03:40:00+00:00,KBNA,30.0,5,36,1463,16093,0,-22,10194
2016-02-15 21:15:00+00:00,KBNA,240.0,5,26,152,3219,61,44,10082
2016-02-15 22:00:00+00:00,KBNA,1.0,5,21,274,2414,61,50,10075
2016-02-16 00:37:00+00:00,KBNA,1.0,5,31,122,4023,56,44,10075
2016-02-17 00:50:00+00:00,KBNA,5.0,5,51,366,16093,61,33,10119
2016-02-18 21:15:00+00:00,KBNA,14.0,5,26,7620,16093,161,6,10268
2016-02-23 16:45:00+00:00,KBNA,23.0,5,21,213,12875,106,72,10116
2016-02-24 00:50:00+00:00,KBNA,59.0,5,57,152,8047,133,117,10022
2016-02-24 02:10:00+00:00,KBNA,41.0,5,41,457,9656,133,117,10009
2016-02-24 18:59:00+00:00,KBNA,4.0,5,82,762,16093,50,0,9976
2016-02-24 23:10:00+00:00,KBNA,16.0,5,57,457,11265,33,0,10041
2016-02-24 23:45:00+00:00,KBNA,99.0,5,62,427,8047,28,6,10057
2016-02-25 00:50:00+00:00,KBNA,129.0,5,41,366,8047,33,6,10073
2016-03-04 00:38:00+00:00,KBNA,2.0,5,15,183,9656,56,39,10159
2016-03-06 11:55:00+00:00,KBNA,442.0,5,21,22000,16093,56,11,10264
2016-03-08 13:55:00+00:00,KBNA,105.0,5,51,7620,16093,156,56,10232
2016-03-08 18:34:00+00:00,KBNA,169.0,5,72,7620,16093,239,72,10197
2016-03-08 20:22:00+00:00,KBNA,2.0,5,67,7620,16093,239,78,10188
2016-03-08 22:47:00+00:00,KBNA,1.0,5,72,22000,16093,228,78,10168
2016-03-08 23:41:00+00:00,KBNA,4.0,5,46,7620,16093,206,67,10169
2016-03-10 23:10:00+00:00,KBNA,2.0,5,36,732,2414,172,156,10165
2016-03-14 12:55:00+00:00,KBNA,15.0,5,57,3048,16093,161,117,10057
2016-03-19 01:55:00+00:00,KBNA,53.0,5,72,2286,16093,172,-17,10127
2016-03-19 15:10:00+00:00,KBNA,64.0,5,67,2286,16093,111,6,10159
2016-03-19 17:00:00+00:00,KBNA,38.0,5,57,1981,16093,122,17,10164
2016-03-25 20:10:00+00:00,KBNA,23.0,5,26,823,16093,94,17,10173
2016-03-26 15:10:00+00:00,KBNA,22.0,5,15,6096,16093,83,44,10196
2016-03-26 17:20:00+00:00,KBNA,90.0,5,36,22000,16093,228,39,10172
2016-03-26 21:25:00+00:00,KBNA,76.0,5,36,22000,16093,239,50,10168
2016-03-26 22:55:00+00:00,KBNA,36.0,5,31,22000,16093,233,56,10167
2016-03-28 23:30:00+00:00,KBNA,54.0,5,31,22000,16093,144,-11,10203
2016-03-29 15:00:00+00:00,KBNA,50.0,5,51,22000,16093,128,17,10248
2016-03-29 20:10:00+00:00,KBNA,100.0,5,41,22000,16093,172,11,10224
2016-03-30 22:41:00+00:00,KBNA,211.0,5,82,7620,16093,233,72,10127
2016-04-02 01:10:00+00:00,KBNA,35.0,5,46,3658,16093,161,-28,10118
2016-04-02 13:25:00+00:00,KBNA,46.0,5,46,2134,16093,94,11,10147
2016-04-02 14:40:00+00:00,KBNA,186.0,5,51,22000,16093,111,11,10147
2016-04-02 17:20:00+00:00,KBNA,78.0,5,67,22000,16093,139,-11,10146
2016-04-02 19:50:00+00:00,KBNA,12.0,5,88,22000,16093,161,-22,10122
2016-04-03 15:25:00+00:00,KBNA,40.0,5,21,22000,16093,144,-56,10219
2016-04-04 20:10:00+00:00,KBNA,11.0,5,72,4572,16093,250,28,10151
2016-04-04 23:30:00+00:00,KBNA,75.0,5,72,22000,16093,211,22,10179
2016-04-06 21:15:00+00:00,KBNA,2.0,5,67,7620,16093,183,83,10083
2016-04-06 22:15:00+00:00,KBNA,38.0,5,51,7620,16093,183,89,10063
2016-04-06 22:20:00+00:00,KBNA,22.0,5,51,7620,16093,183,89,10063
2016-04-07 15:00:00+00:00,KBNA,39.0,5,36,3048,16093,139,22,10095
2016-04-08 00:15:00+00:00,KBNA,16.0,5,62,1463,16093,106,44,10117
2016-04-17 17:38:00+00:00,KBNA,2.0,5,41,22000,16093,256,44,10272
2016-04-17 19:30:00+00:00,KBNA,3.0,5,21,22000,16093,267,33,10258
2016-04-17 20:35:00+00:00,KBNA,5.0,5,36,22000,16093,272,33,10250
2016-04-17 21:46:00+00:00,KBNA,11.0,5,31,22000,16093,272,28,10249
2016-04-18 00:09:00+00:00,KBNA,5.0,5,21,22000,16093,250,17,10245
2016-04-26 12:50:00+00:00,KBNA,36.0,5,26,2438,16093,200,139,10130
2016-04-29 12:50:00+00:00,KBNA,26.0,5,36,7620,16093,228,100,10159
2016-04-29 17:38:00+00:00,KBNA,165.0,5,15,7620,16093,267,117,10153
2016-04-29 19:30:00+00:00,KBNA,274.0,5,31,7620,16093,250,128,10157
2016-04-29 21:46:00+00:00,KBNA,139.0,5,31,3658,16093,233,128,10161
2016-04-29 22:40:00+00:00,KBNA,41.0,5,51,3353,16093,211,150,10164
2016-04-30 17:38:00+00:00,KBNA,19.0,5,15,2438,16093,194,172,10133
2016-05-02 18:04:00+00:00,KBNA,5.0,5,21,1250,6437,144,128,10161
2016-05-02 22:00:00+00:00,KBNA,53.0,5,36,488,16093,189,156,10132
2016-05-02 22:05:00+00:00,KBNA,42.0,5,36,488,16093,189,156,10132
2016-05-04 12:15:00+00:00,KBNA,102.0,5,15,22000,16093,139,89,10105
2016-05-04 14:05:00+00:00,KBNA,38.0,5,41,22000,16093,161,83,10098
2016-05-04 18:32:00+00:00,KBNA,4.0,5,46,1829,8047,167,89,10066
2016-05-04 19:20:00+00:00,KBNA,53.0,5,46,1829,8047,167,89,10066
2016-05-04 21:05:00+00:00,KBNA,279.0,5,57,945,16093,194,106,10058
2016-05-04 22:26:00+00:00,KBNA,7.0,5,26,3048,16093,156,89,10071
2016-05-04 22:34:00+00:00,KBNA,17.0,5,26,3048,16093,156,89,10071
2016-05-04 23:30:00+00:00,KBNA,3.0,5,31,22000,16093,161,94,10074
2016-05-09 22:00:00+00:00,KBNA,5.0,5,72,4572,16093,217,139,10135
2016-05-10 10:28:00+00:00,KBNA,12.0,5,57,3048,16093,189,144,10138
2016-05-10 12:07:00+00:00,KBNA,21.0,5,15,792,8047,189,161,10163
2016-05-10 12:15:00+00:00,KBNA,10.0,5,26,1097,16093,189,161,10162
2016-05-10 12:35:00+00:00,KBNA,16.0,5,26,1097,16093,189,161,10162
2016-05-12 01:55:00+00:00,KBNA,114.0,5,46,22000,16093,261,172,10162
2016-05-12 12:50:00+00:00,KBNA,27.0,5,15,1036,16093,211,156,10190
2016-05-12 18:32:00+00:00,KBNA,10.0,5,31,1463,9656,206,167,10167
2016-05-12 19:20:00+00:00,KBNA,14.0,5,31,1463,9656,206,167,10167
2016-05-12 21:16:00+00:00,KBNA,7.0,5,31,7620,16093,233,183,10153
2016-05-14 11:15:00+00:00,KBNA,16.0,5,26,1981,16093,150,78,10137
2016-05-14 22:45:00+00:00,KBNA,58.0,5,46,22000,16093,161,11,10187
2016-05-19 19:30:00+00:00,KBNA,105.0,5,57,22000,16093,244,72,10178
2016-05-20 14:35:00+00:00,KBNA,9.0,5,21,671,2414,172,156,10150
2016-05-20 14:40:00+00:00,KBNA,16.0,5,21,671,2414,172,156,10150
2016-05-20 14:45:00+00:00,KBNA,6.0,5,21,671,2414,172,156,10150
2016-05-20 15:00:00+00:00,KBNA,5.0,5,21,671,2414,172,156,10150
2016-05-20 15:05:00+00:00,KBNA,9.0,5,21,671,2414,172,156,10150
2016-05-20 15:30:00+00:00,KBNA,5.0,5,41,853,1609,178,167,10150
2016-05-20 15:45:00+00:00,KBNA,11.0,5,41,853,1609,178,167,10150
2016-05-20 17:03:00+00:00,KBNA,246.0,5,31,610,3219,167,150,10165
2016-05-21 21:11:00+00:00,KBNA,109.0,5,46,1676,16093,211,111,10172
2016-05-23 14:33:00+00:00,KBNA,6.0,5,31,22000,16093,239,89,10164
2016-05-26 20:25:00+00:00,KBNA,11.0,5,57,7620,16093,317,161,10157
2016-05-26 22:19:00+00:00,KBNA,11.0,5,93,22000,16093,233,178,10174
2016-05-26 23:44:00+00:00,KBNA,8.0,5,26,488,16093,222,183,10177
2016-05-27 00:12:00+00:00,KBNA,1.0,5,26,488,16093,222,183,10177
2016-05-27 11:01:00+00:00,KBNA,31.0,5,15,6096,16093,183,167,10167
2016-05-27 16:32:00+00:00,KBNA,4.0,5,62,7620,16093,300,161,10165
2016-05-27 20:25:00+00:00,KBNA,1.0,5,41,3658,16093,300,161,10137
2016-05-27 23:05:00+00:00,KBNA,40.0,5,21,3353,16093,294,183,10130
2016-05-27 23:55:00+00:00,KBNA,110.0,5,15,4572,16093,278,172,10135
2016-05-31 22:05:00+00:00,KBNA,131.0,5,36,22000,16093,311,156,10116
2016-05-31 22:19:00+00:00,KBNA,145.0,5,36,22000,16093,311,156,10116
2016-06-01 19:30:00+00:00,KBNA,30.0,5,51,2743,16093,317,172,10127
2016-06-01 20:10:00+00:00,KBNA,7.0,5,51,2743,16093,317,172,10127
2016-06-01 20:10:00+00:00,KBNA,15.0,5,51,2743,16093,317,172,10127
2016-06-01 21:05:00+00:00,KBNA,4.0,5,77,1829,16093,283,183,10128
2016-06-01 23:44:00+00:00,KBNA,15.0,5,15,2743,16093,233,189,10144
2016-06-02 23:55:00+00:00,KBNA,97.0,5,26,1524,16093,294,156,10157
2016-06-04 00:15:00+00:00,KBNA,9.0,5,26,3353,11265,228,206,10161
2016-06-05 11:50:00+00:00,KBNA,30.0,5,21,2286,16093,211,194,10102
2016-06-13 15:35:00+00:00,KBNA,1.0,5,21,1372,16093,344,200,10149
2016-06-13 18:32:00+00:00,KBNA,98.0,5,26,1676,16093,339,189,10126
2016-06-13 19:45:00+00:00,KBNA,7.0,5,26,1676,16093,339,189,10126
2016-06-13 19:50:00+00:00,KBNA,1.0,5,26,1676,16093,339,189,10126
2016-06-13 21:10:00+00:00,KBNA,27.0,5,57,1676,16093,272,206,10121
2016-06-13 22:20:00+00:00,KBNA,8.0,5,21,2896,16093,322,200,10115
2016-06-13 22:20:00+00:00,KBNA,50.0,5,21,2896,16093,322,200,10115
2016-06-13 22:25:00+00:00,KBNA,47.0,5,72,1829,16093,267,194,10125
2016-06-13 22:26:00+00:00,KBNA,66.0,5,72,1829,16093,267,194,10125
2016-06-13 22:50:00+00:00,KBNA,50.0,5,72,1829,16093,267,194,10125
2016-06-13 23:10:00+00:00,KBNA,40.0,5,72,1829,16093,267,194,10125
2016-06-14 00:15:00+00:00,KBNA,9.0,5,72,1829,16093,267,194,10125
2016-06-14 02:00:00+00:00,KBNA,28.0,5,72,1829,16093,267,194,10125
2016-06-14 16:33:00+00:00,KBNA,30.0,5,26,1676,16093,306,217,10120
2016-06-14 18:19:00+00:00,KBNA,58.0,5,41,2134,11265,261,233,10117
2016-06-14 19:26:00+00:00,KBNA,55.0,5,26,22000,16093,244,217,10115
2016-06-15 11:20:00+00:00,KBNA,15.0,5,21,22000,16093,233,211,10122
2016-06-15 20:10:00+00:00,KBNA,61.0,5,41,1372,16093,333,217,10119
2016-06-15 21:00:00+00:00,KBNA,43.0,5,31,1494,16093,333,222,10116
2016-06-15 21:25:00+00:00,KBNA,35.0,5,51,1006,8047,222,200,10142
2016-06-15 21:31:00+00:00,KBNA,54.0,5,51,1006,8047,222,200,10142
2016-06-15 21:36:00+00:00,KBNA,31.0,5,51,1006,8047,222,200,10142
2016-06-15 21:39:00+00:00,KBNA,13.0,5,51,1006,8047,222,200,10142
2016-06-15 21:45:00+00:00,KBNA,12.0,5,51,1006,8047,222,200,10142
2016-06-15 22:00:00+00:00,KBNA,39.0,5,51,1006,8047,222,200,10142
2016-06-15 22:17:00+00:00,KBNA,24.0,5,51,1006,8047,222,200,10142
2016-06-15 22:26:00+00:00,KBNA,13.0,5,51,1006,8047,222,200,10142
2016-06-16 00:15:00+00:00,KBNA,12.0,5,31,3048,16093,222,206,10123
2016-06-18 21:45:00+00:00,KBNA,41.0,5,26,1372,16093,317,183,10187
2016-06-18 23:25:00+00:00,KBNA,50.0,5,26,2286,16093,311,189,10191
2016-06-23 15:10:00+00:00,KBNA,18.0,5,57,22000,16093,311,222,10167
2016-06-24 02:00:00+00:00,KBNA,60.0,5,21,22000,16093,306,211,10136
2016-06-26 19:31:00+00:00,KBNA,94.0,5,36,1981,16093,322,217,10177
2016-06-27 02:00:00+00:00,KBNA,25.0,5,31,3048,16093,283,211,10175
2016-06-27 02:25:00+00:00,KBNA,4.0,5,31,3048,16093,283,211,10175
2016-06-27 17:15:00+00:00,KBNA,35.0,5,82,1372,14484,250,211,10176
2016-06-27 17:25:00+00:00,KBNA,27.0,5,82,1372,14484,250,211,10176
2016-06-27 17:35:00+00:00,KBNA,17.0,5,82,1372,14484,250,211,10176
2016-06-27 18:00:00+00:00,KBNA,4.0,5,82,1372,14484,250,211,10176
2016-06-27 18:19:00+00:00,KBNA,5.0,5,82,1372,14484,250,211,10176
2016-06-27 22:12:00+00:00,KBNA,1.0,5,21,579,16093,244,222,10169
2016-06-28 21:00:00+00:00,KBNA,38.0,5,51,7620,16093,339,172,10151
2016-06-28 21:20:00+00:00,KBNA,16.0,5,51,7620,16093,339,172,10151
2016-06-28 21:31:00+00:00,KBNA,21.0,5,46,2896,16093,328,167,10149
2016-06-28 22:00:00+00:00,KBNA,28.0,5,46,2896,16093,328,167,10149
2016-06-28 22:17:00+00:00,KBNA,38.0,5,46,2896,16093,328,167,10149
2016-06-28 22:20:00+00:00,KBNA,20.0,5,46,2896,16093,328,167,10149
2016-06-30 23:55:00+00:00,KBNA,87.0,5,31,22000,16093,294,122,10145
2016-07-01 19:30:00+00:00,KBNA,62.0,5,41,7620,16093,317,200,10150
2016-07-01 23:10:00+00:00,KBNA,34.0,5,36,22000,16093,311,200,10146
2016-07-04 19:40:00+00:00,KBNA,11.0,5,26,2134,16093,267,233,10128
2016-07-04 19:45:00+00:00,KBNA,10.0,5,26,2134,16093,267,233,10128
2016-07-04 22:26:00+00:00,KBNA,109.0,5,31,610,1609,261,244,10133
2016-07-05 00:15:00+00:00,KBNA,40.0,5,31,610,1609,261,244,10133
2016-07-05 00:15:00+00:00,KBNA,25.0,5,31,610,1609,261,244,10133
2016-07-05 00:15:00+00:00,KBNA,26.0,5,31,610,1609,261,244,10133
2016-07-05 00:15:00+00:00,KBNA,16.0,5,31,610,1609,261,244,10133
2016-07-05 00:15:00+00:00,KBNA,17.0,5,31,610,1609,261,244,10133
2016-07-05 00:20:00+00:00,KBNA,26.0,5,31,610,1609,261,244,10133
2016-07-05 00:20:00+00:00,KBNA,31.0,5,31,610,1609,261,244,10133
2016-07-05 21:05:00+00:00,KBNA,3.0,5,26,6096,16093,289,233,10141
2016-07-06 18:16:00+00:00,KBNA,7.0,5,41,1463,16093,333,233,10143
2016-07-06 19:33:00+00:00,KBNA,24.0,5,41,7620,16093,317,250,10134
2016-07-06 21:31:00+00:00,KBNA,8.0,5,36,853,9656,228,206,10155
2016-07-06 21:32:00+00:00,KBNA,2.0,5,36,853,9656,228,206,10155
2016-07-06 21:32:00+00:00,KBNA,34.0,5,36,853,9656,228,206,10155
2016-07-06 21:40:00+00:00,KBNA,15.0,5,36,853,9656,228,206,10155
2016-07-06 21:40:00+00:00,KBNA,38.0,5,36,853,9656,228,206,10155
2016-07-06 21:40:00+00:00,KBNA,47.0,5,36,853,9656,228,206,10155
2016-07-06 22:00:00+00:00,KBNA,15.0,5,36,853,9656,228,206,10155
2016-07-06 22:00:00+00:00,KBNA,66.0,5,36,853,9656,228,206,10155
2016-07-06 22:23:00+00:00,KBNA,43.0,5,36,853,9656,228,206,10155
2016-07-06 23:26:00+00:00,KBNA,11.0,5,15,2286,16093,233,211,10147
2016-07-07 10:15:00+00:00,KBNA,18.0,5,31,1097,9656,217,206,10126
2016-07-07 10:15:00+00:00,KBNA,44.0,5,31,1097,9656,217,206,10126
2016-07-07 10:25:00+00:00,KBNA,22.0,5,31,3353,11265,217,206,10138
2016-07-07 10:25:00+00:00,KBNA,23.0,5,31,3353,11265,217,206,10138
2016-07-07 10:30:00+00:00,KBNA,18.0,5,31,3353,11265,217,206,10138
2016-07-07 10:59:00+00:00,KBNA,108.0,5,31,3353,11265,217,206,10138
2016-07-07 11:00:00+00:00,KBNA,27.0,5,31,3353,11265,217,206,10138
2016-07-07 11:00:00+00:00,KBNA,68.0,5,31,3353,11265,217,206,10138
2016-07-07 11:15:00+00:00,KBNA,34.0,5,31,3353,11265,217,206,10138
2016-07-07 11:20:00+00:00,KBNA,65.0,5,31,3353,11265,217,206,10138
2016-07-07 11:30:00+00:00,KBNA,123.0,5,31,22000,14484,217,200,10138
2016-07-07 11:38:00+00:00,KBNA,53.0,5,31,22000,14484,217,200,10138
2016-07-07 12:20:00+00:00,KBNA,72.0,5,31,22000,14484,217,200,10138
2016-07-07 12:21:00+00:00,KBNA,51.0,5,31,22000,14484,217,200,10138
2016-07-07 12:30:00+00:00,KBNA,44.0,5,31,1036,16093,217,194,10147
2016-07-07 12:45:00+00:00,KBNA,50.0,5,31,1036,16093,217,194,10147
2016-07-07 13:00:00+00:00,KBNA,8.0,5,31,1036,16093,217,194,10147
2016-07-07 13:00:00+00:00,KBNA,60.0,5,31,1036,16093,217,194,10147
2016-07-07 13:40:00+00:00,KBNA,30.0,5,36,914,16093,222,206,10145
2016-07-07 20:45:00+00:00,KBNA,14.0,5,57,1372,16093,289,200,10151
2016-07-07 21:31:00+00:00,KBNA,8.0,5,36,6096,16093,261,200,10135
2016-07-08 10:25:00+00:00,KBNA,69.0,5,46,22000,16093,261,222,10144
2016-07-10 20:25:00+00:00,KBNA,2.0,5,26,7620,16093,294,189,10154
2016-07-12 22:50:00+00:00,KBNA,15.0,5,36,7620,16093,328,183,10154
2016-07-13 20:45:00+00:00,KBNA,37.0,5,51,22000,16093,339,206,10168
2016-07-14 18:00:00+00:00,KBNA,16.0,5,51,1676,8047,239,210,10169
2016-07-14 18:10:00+00:00,KBNA,30.0,5,51,1676,8047,239,210,10169
2016-07-14 18:16:00+00:00,KBNA,19.0,5,51,1676,8047,239,210,10169
2016-07-14 18:23:00+00:00,KBNA,4.0,5,51,1676,8047,239,210,10169
2016-07-14 18:32:00+00:00,KBNA,6.0,5,21,3048,9656,228,200,10176
2016-07-14 19:33:00+00:00,KBNA,6.0,5,62,3353,14484,228,211,10155
2016-07-14 20:25:00+00:00,KBNA,3.0,5,46,7620,16093,239,217,10149
2016-07-14 21:32:00+00:00,KBNA,8.0,5,51,3353,16093,244,211,10152
2016-07-14 21:40:00+00:00,KBNA,4.0,5,51,3353,16093,244,211,10152
2016-07-15 16:33:00+00:00,KBNA,7.0,5,21,22000,16093,294,217,10175
2016-07-18 02:05:00+00:00,KBNA,169.0,5,26,22000,16093,261,228,10210
2016-07-18 19:30:00+00:00,KBNA,104.0,5,31,1676,16093,350,211,10213
2016-07-18 20:45:00+00:00,KBNA,76.0,5,31,1676,16093,350,211,10213
2016-07-19 20:35:00+00:00,KBNA,8.0,5,26,7620,16093,322,211,10207
2016-07-20 00:15:00+00:00,KBNA,35.0,5,31,22000,16093,289,200,10203
2016-07-25 20:45:00+00:00,KBNA,228.0,5,31,22000,16093,328,217,10143
2016-07-25 21:20:00+00:00,KBNA,62.0,5,31,22000,16093,328,217,10143
2016-07-26 19:33:00+00:00,KBNA,17.0,5,46,2438,16093,300,211,10147
2016-07-26 20:25:00+00:00,KBNA,5.0,5,21,2591,16093,283,228,10142
2016-07-27 18:23:00+00:00,KBNA,2.0,5,41,22000,16093,328,239,10141
2016-07-28 00:15:00+00:00,KBNA,636.0,5,36,7620,16093,317,211,10124
2016-07-28 18:00:00+00:00,KBNA,42.0,5,46,792,16093,267,222,10124
2016-07-28 18:32:00+00:00,KBNA,7.0,5,46,792,16093,267,222,10124
2016-07-29 01:25:00+00:00,KBNA,46.0,5,26,7620,16093,261,228,10135
2016-07-30 21:31:00+00:00,KBNA,50.0,5,15,7620,16093,311,211,10143
2016-08-01 01:25:00+00:00,KBNA,11.0,5,15,2286,16093,300,222,10151
2016-08-01 15:20:00+00:00,KBNA,30.0,5,21,22000,16093,311,206,10188
2016-08-01 18:20:00+00:00,KBNA,19.0,5,26,22000,16093,317,206,10183
2016-08-01 19:30:00+00:00,KBNA,75.0,5,26,22000,16093,317,206,10183
2016-08-01 20:45:00+00:00,KBNA,93.0,5,15,7620,16093,317,206,10160
2016-08-03 20:45:00+00:00,KBNA,41.0,5,72,884,805,239,217,10162
2016-08-03 21:05:00+00:00,KBNA,15.0,5,72,884,805,239,217,10162
2016-08-03 21:20:00+00:00,KBNA,28.0,5,72,884,805,239,217,10162
2016-08-03 21:31:00+00:00,KBNA,15.0,5,21,3353,16093,250,222,10162
2016-08-03 21:32:00+00:00,KBNA,11.0,5,21,3353,16093,250,222,10162
2016-08-03 21:40:00+00:00,KBNA,2.0,5,21,3353,16093,250,222,10162
2016-08-05 00:50:00+00:00,KBNA,2.0,5,57,1006,16093,278,228,10138
2016-08-05 17:15:00+00:00,KBNA,79.0,1,36,1372,16093,333,217,10128
2016-08-05 20:10:00+00:00,KBNA,15.0,5,41,1463,16093,256,222,10140
2016-08-05 20:23:00+00:00,KBNA,11.0,5,41,1463,16093,256,222,10140
2016-08-05 20:25:00+00:00,KBNA,18.0,5,67,1494,12875,244,222,10149
2016-08-05 21:05:00+00:00,KBNA,17.0,5,67,1494,12875,244,222,10149
2016-08-05 21:31:00+00:00,KBNA,7.0,5,46,1676,16093,244,211,10145
2016-08-05 21:32:00+00:00,KBNA,8.0,5,46,1676,16093,244,211,10145
2016-08-05 21:32:00+00:00,KBNA,97.0,5,46,1676,16093,244,211,10145
2016-08-05 21:40:00+00:00,KBNA,2.0,5,46,1676,16093,244,211,10145
2016-08-05 22:17:00+00:00,KBNA,21.0,5,46,1676,16093,244,211,10145
2016-08-05 23:35:00+00:00,KBNA,8.0,5,21,3962,16093,244,217,10139
2016-08-06 14:25:00+00:00,KBNA,22.0,5,21,5182,16093,261,222,10143
2016-08-06 14:25:00+00:00,KBNA,21.0,5,21,5182,16093,261,222,10143
2016-08-06 22:00:00+00:00,KBNA,31.0,5,15,1981,16093,300,233,10112
2016-08-06 22:00:00+00:00,KBNA,37.0,5,15,1981,16093,300,233,10112
2016-08-06 22:00:00+00:00,KBNA,46.0,5,15,1981,16093,300,233,10112
2016-08-06 22:13:00+00:00,KBNA,1.0,5,15,1981,16093,300,233,10112
2016-08-06 22:25:00+00:00,KBNA,21.0,5,15,1097,11265,250,233,10124
2016-08-09 21:05:00+00:00,KBNA,24.0,5,31,1097,12875,283,239,10138
2016-08-09 21:32:00+00:00,KBNA,26.0,5,31,1097,12875,283,239,10138
2016-08-09 22:22:00+00:00,KBNA,69.0,5,31,1097,12875,283,239,10138
2016-08-09 22:23:00+00:00,KBNA,14.0,5,31,1097,12875,283,239,10138
2016-08-09 22:30:00+00:00,KBNA,7.0,5,31,2286,16093,261,239,10147
2016-08-09 23:05:00+00:00,KBNA,17.0,5,31,2286,16093,261,239,10147
2016-08-11 20:40:00+00:00,KBNA,137.0,5,31,1829,16093,311,211,10153
2016-08-12 20:40:00+00:00,KBNA,71.0,5,41,1981,16093,317,211,10119
2016-08-16 01:40:00+00:00,KBNA,65.0,5,26,22000,16093,283,206,10187
2016-08-16 01:40:00+00:00,KBNA,33.0,5,26,22000,16093,283,206,10187
2016-08-16 13:00:00+00:00,KBNA,309.0,5,36,2134,16093,256,217,10209
2016-08-16 20:40:00+00:00,KBNA,76.0,5,21,6096,16093,294,217,10193
2016-08-17 12:45:00+00:00,KBNA,87.0,5,21,4877,16093,256,217,10222
2016-08-17 23:35:00+00:00,KBNA,161.0,5,31,7620,16093,278,217,10190
2016-08-19 23:55:00+00:00,KBNA,117.0,5,21,1158,12875,250,222,10135
2016-08-20 00:00:00+00:00,KBNA,86.0,5,21,1158,12875,250,222,10135
2016-08-20 16:31:00+00:00,KBNA,1.0,5,62,1280,16093,283,222,10109
2016-08-20 20:04:00+00:00,KBNA,27.0,5,21,1494,11265,261,239,10091
2016-08-25 20:25:00+00:00,KBNA,32.0,5,62,1433,2414,283,222,10197
2016-08-25 20:40:00+00:00,KBNA,9.0,5,62,1433,2414,283,222,10197
2016-08-25 21:05:00+00:00,KBNA,13.0,5,62,1433,2414,283,222,10197
2016-08-27 20:20:00+00:00,KBNA,55.0,5,67,1524,16093,328,217,10167
2016-08-27 20:45:00+00:00,KBNA,32.0,5,77,396,402,230,210,10190
2016-08-27 20:55:00+00:00,KBNA,26.0,5,77,396,402,230,210,10190
2016-08-27 21:30:00+00:00,KBNA,15.0,5,77,396,402,230,210,10190
2016-08-27 21:39:00+00:00,KBNA,28.0,5,77,396,402,230,210,10190
2016-08-29 19:20:00+00:00,KBNA,20.0,5,41,22000,16093,333,200,10192
2016-08-29 19:50:00+00:00,KBNA,44.0,5,41,22000,16093,333,200,10192
2016-09-01 21:35:00+00:00,KBNA,64.0,5,51,7620,16093,289,194,10131
2016-09-06 19:20:00+00:00,KBNA,42.0,5,26,22000,16093,333,161,10221
2016-09-10 22:00:00+00:00,KBNA,37.0,5,124,22000,3219,228,200,10156
2016-09-10 22:02:00+00:00,KBNA,35.0,5,124,22000,3219,228,200,10156
2016-09-10 22:10:00+00:00,KBNA,17.0,5,124,22000,3219,228,200,10156
2016-09-10 22:10:00+00:00,KBNA,20.0,5,124,22000,3219,228,200,10156
2016-09-10 22:10:00+00:00,KBNA,25.0,5,124,22000,3219,228,200,10156
2016-09-10 22:15:00+00:00,KBNA,33.0,5,124,22000,3219,228,200,10156
2016-09-10 22:15:00+00:00,KBNA,35.0,5,124,22000,3219,228,200,10156
2016-09-10 22:25:00+00:00,KBNA,32.0,5,15,1981,16093,217,200,10167
2016-09-21 20:25:00+00:00,KBNA,1.0,5,31,22000,16093,317,161,10177
2016-09-21 22:08:00+00:00,KBNA,1.0,5,31,22000,16093,311,150,10175
2016-09-24 22:10:00+00:00,KBNA,39.0,5,36,22000,16093,322,156,10172
2016-09-25 18:35:00+00:00,KBNA,10.0,5,15,22000,16093,317,172,10176
2016-09-25 20:25:00+00:00,KBNA,6.0,5,31,22000,16093,333,156,10156
2016-09-27 11:30:00+00:00,KBNA,12.0,5,15,22000,16093,133,111,10176
2016-09-30 11:25:00+00:00,KBNA,34.0,5,21,61,4828,133,122,10176
2016-09-30 15:00:00+00:00,KBNA,87.0,5,31,457,16093,156,122,10186
2016-09-30 19:20:00+00:00,KBNA,94.0,5,31,945,16093,178,111,10173
2016-10-02 14:10:00+00:00,KBNA,444.0,5,21,2134,16093,211,144,10195
2016-10-14 18:35:00+00:00,KBNA,11.0,5,21,2438,16093,194,139,10224
2016-10-19 22:37:00+00:00,KBNA,102.0,5,15,22000,16093,294,133,10145
2016-10-20 13:00:00+00:00,KBNA,56.0,5,31,1676,16093,233,172,10146
2016-10-20 21:29:00+00:00,KBNA,6.0,5,21,3658,14484,211,189,10121
2016-10-20 22:02:00+00:00,KBNA,3.0,5,21,3658,14484,211,189,10121
2016-10-26 13:00:00+00:00,KBNA,99.0,5,21,22000,16093,117,67,10235
2016-11-02 20:24:00+00:00,KBNA,13.0,5,36,7620,16093,289,100,10232
2016-11-02 23:30:00+00:00,KBNA,56.0,5,21,22000,16093,233,111,10230
2016-11-02 23:55:00+00:00,KBNA,13.0,5,21,22000,16093,233,111,10230
2016-11-07 17:30:00+00:00,KBNA,43.0,5,41,22000,16093,233,22,10271
2016-11-07 22:25:00+00:00,KBNA,40.0,5,15,7620,16093,228,44,10246
2016-11-11 16:10:00+00:00,KBNA,7.0,5,21,7620,16093,161,33,10208
2016-11-15 15:30:00+00:00,KBNA,113.0,5,31,1676,16093,128,28,10158
2016-11-17 12:33:00+00:00,KBNA,79.0,5,21,22000,16093,178,61,10190
2016-11-19 01:02:00+00:00,KBNA,1.0,5,46,22000,16093,189,56,10158
2016-11-20 21:50:00+00:00,KBNA,73.0,5,26,22000,16093,89,-100,10260
2016-11-22 12:40:00+00:00,KBNA,22.0,5,15,6096,16093,44,-22,10263
2016-11-27 12:00:00+00:00,KBNA,3.0,1,15,60,200,-17,-39,10245
2016-11-27 12:00:00+00:00,KBNA,12.0,1,15,60,200,-17,-39,10245
2016-11-27 12:00:00+00:00,KBNA,83.0,1,15,60,200,-17,-39,10245
2016-11-27 12:00:00+00:00,KBNA,886.0,1,15,60,200,-17,-39,10245
2016-11-27 12:06:00+00:00,KBNA,65.0,1,15,60,200,-17,-39,10245
2016-11-27 12:30:00+00:00,KBNA,21.0,1,15,60,200,-17,-39,10245
2016-11-27 12:33:00+00:00,KBNA,1.0,1,15,60,200,-17,-39,10245
2016-11-27 13:40:00+00:00,KBNA,41.0,5,15,7620,3219,6,0,10247
2016-11-27 14:28:00+00:00,KBNA,21.0,5,15,7620,3219,6,0,10247
2016-11-27 14:30:00+00:00,KBNA,27.0,5,15,7620,3219,6,0,10247
2016-11-27 15:18:00+00:00,KBNA,12.0,5,15,7620,3219,6,0,10247
2016-11-28 23:05:00+00:00,KBNA,14.0,5,77,2743,14484,156,122,9974
2016-11-28 23:45:00+00:00,KBNA,6.0,5,108,2286,8047,161,128,9962
2016-11-29 00:00:00+00:00,KBNA,26.0,5,108,2286,8047,161,128,9962
2016-11-29 00:05:00+00:00,KBNA,24.0,5,108,2286,8047,161,128,9962
2016-11-29 00:10:00+00:00,KBNA,27.0,5,108,2286,8047,161,128,9962
2016-11-29 00:20:00+00:00,KBNA,23.0,5,108,2286,8047,161,128,9962
2016-11-29 01:05:00+00:00,KBNA,10.0,5,57,671,4828,144,128,10015
2016-12-04 19:25:00+00:00,KBNA,5.0,5,41,335,16093,89,72,10137
2016-12-04 20:00:00+00:00,KBNA,190.0,5,41,335,16093,89,72,10137
2016-12-05 00:25:00+00:00,KBNA,44.0,5,15,244,16093,89,78,10159
2016-12-12 00:25:00+00:00,KBNA,17.0,5,93,2286,16093,122,17,10149
2016-12-12 03:05:00+00:00,KBNA,21.0,5,134,1311,16093,133,28,10136
2016-12-12 03:05:00+00:00,KBNA,36.0,5,134,1311,16093,133,28,10136
2016-12-13 13:55:00+00:00,KBNA,41.0,5,26,671,1609,44,28,10181
2016-12-14 13:40:00+00:00,KBNA,2.0,5,31,305,12875,33,6,10245
2016-12-17 01:10:00+00:00,KBNA,74.0,5,67,2134,16093,78,-44,10145
2016-12-17 12:40:00+00:00,KBNA,168.0,5,62,396,16093,139,106,10103
2016-12-17 15:50:00+00:00,KBNA,51.0,5,98,396,16093,178,139,10097
2016-12-17 16:55:00+00:00,KBNA,69.0,5,93,396,16093,189,144,10091
2016-12-17 20:40:00+00:00,KBNA,34.0,5,108,427,16093,200,161,10071
2016-12-17 23:05:00+00:00,KBNA,38.0,5,93,549,16093,200,161,10059
2016-12-18 00:05:00+00:00,KBNA,69.0,5,88,610,16093,200,161,10056
2016-12-18 11:48:00+00:00,KBNA,18.0,5,57,518,14484,-17,-44,10230
2016-12-18 11:50:00+00:00,KBNA,27.0,5,57,518,14484,-17,-44,10230
2016-12-18 12:00:00+00:00,KBNA,11.0,5,57,518,14484,-17,-44,10230
2016-12-18 12:02:00+00:00,KBNA,15.0,5,57,518,14484,-17,-44,10230
2016-12-18 12:25:00+00:00,KBNA,24.0,5,57,366,16093,-28,-61,10252
2016-12-18 13:00:00+00:00,KBNA,5.0,5,57,366,16093,-28,-61,10252
2016-12-18 13:10:00+00:00,KBNA,109.0,5,57,366,16093,-28,-61,10252
2016-12-18 13:14:00+00:00,KBNA,15.0,5,57,366,16093,-28,-61,10252
2016-12-18 13:20:00+00:00,KBNA,120.0,5,57,366,16093,-28,-61,10252
2016-12-18 13:40:00+00:00,KBNA,52.0,5,62,457,16093,-33,-67,10275
2016-12-18 14:00:00+00:00,KBNA,43.0,5,62,457,16093,-33,-67,10275
2016-12-18 15:15:00+00:00,KBNA,6.0,5,62,518,16093,-39,-78,10292
2016-12-18 15:34:00+00:00,KBNA,18.0,5,57,518,16093,-39,-78,10303
2016-12-18 23:15:00+00:00,KBNA,126.0,5,51,457,16093,-44,-83,10343
2016-12-19 01:05:00+00:00,KBNA,6.0,5,62,427,16093,-56,-89,10358
2016-12-20 01:02:00+00:00,KBNA,9.0,5,26,22000,16093,-50,-83,10385
2016-12-20 12:00:00+00:00,KBNA,1.0,1,15,60,200,-61,-72,10355
2016-12-20 12:02:00+00:00,KBNA,3.0,1,15,60,200,-61,-72,10355
2016-12-20 13:00:00+00:00,KBNA,13.0,5,21,61,201,-72,-83,10352
2016-12-20 13:14:00+00:00,KBNA,34.0,5,21,61,201,-72,-83,10352
2016-12-20 13:40:00+00:00,KBNA,6.0,5,21,61,201,-72,-83,10352
2016-12-20 14:00:00+00:00,KBNA,6.0,5,15,122,805,-33,-44,10349
2016-12-20 14:35:00+00:00,KBNA,17.0,5,15,122,805,-33,-44,10349
2016-12-20 15:15:00+00:00,KBNA,8.0,5,15,122,805,-33,-44,10349
2016-12-20 15:30:00+00:00,KBNA,11.0,5,15,91,1609,-17,-28,10348
2016-12-20 15:34:00+00:00,KBNA,1.0,5,15,91,1609,-17,-28,10348
2016-12-21 12:02:00+00:00,KBNA,16.0,5,26,22000,1609,-39,-56,10267
2016-12-21 13:00:00+00:00,KBNA,19.0,5,26,22000,1609,-39,-56,10267
2016-12-21 13:10:00+00:00,KBNA,22.0,5,26,22000,1609,-39,-56,10267
2016-12-22 20:15:00+00:00,KBNA,62.0,5,46,22000,16093,94,-11,10271
2016-12-28 13:40:00+00:00,KBNA,77.0,5,15,22000,16093,0,-11,10234
2016-12-30 15:05:00+00:00,KBNA,60.0,5,57,22000,16093,50,-89,10257
2016-12-31 23:05:00+00:00,KBNA,20.0,5,15,853,9656,72,33,10139
